depth,temp_mean,temp_median,temp_std,salt_mean,salt_median,salt_std
0.494025,1.1203650198876858,1.115970354527235,0.034543501666094226,32.05549787962809,32.046723808161914,0.041710761787595495
1.541375,1.0972930267453194,1.0932645834982395,0.03065346907074052,32.05549787962809,32.046723808161914,0.041710761787595495
2.645669,1.0694601461291313,1.0654317028820515,0.027828061486965504,32.056642323732376,32.047486770898104,0.042025328351987336
3.819495,1.040711710229516,1.0368663780391216,0.026878682337620242,32.06007565604523,32.05053862184286,0.043992923599948365
5.078224,1.019470827654004,1.0156254954636097,0.02617591609302768,32.070375652983785,32.06045713741332,0.049031858266233554
6.440614,1.0066530536860228,1.0020752772688866,0.028045895820396613,32.09288305370137,32.081057131290436,0.0624919578653765
7.92956,0.993652168661356,0.9877926148474216,0.031223522661985,32.13179415324703,32.118442305363715,0.08223998656129868
9.572997,0.9663686212152243,0.9610584005713463,0.037656378107457256,32.18634598888457,32.17337562236935,0.1021287680696552
11.405,0.9156468585133553,0.9105197489261627,0.05054130535894239,32.248908933252096,32.237464492209256,0.11563354090663981
13.46714,0.8387402147054672,0.832514438778162,0.06436972231202398,32.31109039625153,32.30079039931297,0.12030824058989079
15.81007,0.7374798003584146,0.7296060249209404,0.07417128024799544,32.37212741514668,32.36259038094431,0.11835209681332463
18.49556,0.6091189496219158,0.5999633967876434,0.07894529062103586,32.437742210458964,32.4282051762566,0.1097307797382045
21.59882,0.4501785524189472,0.44029055535793304,0.07883478603077435,32.51670885365456,32.50755330082029,0.09614844171767006
25.21141,0.26981416158378124,0.2597430534660816,0.08050787419791135,32.61741993483156,32.610553270205855,0.07670337259061483
29.44473,0.086886215955019,0.07699821889400482,0.09163093904166027,32.731864345259964,32.72804953157902,0.05670101702457646
34.43415,-0.08725239895284176,-0.09732350707054138,0.10644329358007511,32.8512680134736,32.84936060663313,0.037164587615422046
40.34405,-0.2674336787313223,-0.2723776772618294,0.09812753927959153,32.971434644423425,32.96990871895105,0.02394536395132385
47.37369,-0.49687183275818825,-0.48991361260414124,0.061207318748480524,33.10075682820752,33.09961238410324,0.022487994994147054
55.76429,-0.7757499720901251,-0.7711721956729889,0.019477887269809806,33.2457197480835,33.24457530397922,0.02489586105504771
65.80727,-1.0196538995951414,-1.0165410116314888,0.03358628172995572,33.40746784815565,33.40632340405136,0.03404173521372847
77.85385,-1.0797143261879683,-1.0875881016254425,0.02527927555161561,33.61842704471201,33.619190007448196,0.04681508512331325
92.32607,-0.7250282093882561,-0.7144077681005001,0.06267214998164297,33.927045471500605,33.932004729285836,0.04386040451403318
109.7293,0.03030489943921566,0.04000978544354439,0.10194189033826612,34.24977870890871,34.25473796669394,0.036356995677165056
130.666,0.8499099891632795,0.8548539876937866,0.07849529120656092,34.5011749304831,34.50270085595548,0.02293968987757814
155.8507,1.3353374004364014,1.3346049562096596,0.05107978025603841,34.64194155531004,34.64079711120576,0.015158785109867942
186.1256,1.5790582168847322,1.5832697711884975,0.033353868720594065,34.715567459352314,34.713278571143746,0.008995197997658822
222.4752,1.6473586410284042,1.6510208621621132,0.03198526157252795,34.74799337564036,34.74684893153608,0.0040909319150274235
266.0403,1.6557817496359348,1.655415527522564,0.0410217811647689,34.77050077635795,34.77202670183033,0.004108680076082017
318.1274,1.5892513990402222,1.5719168856739998,0.024514703899649385,34.7956785466522,34.7956785466522,0.0012459129309477588
380.213,1.532731119543314,1.532731119543314,0.0010986663401126862,34.81398965232074,34.81398965232074,0.0
453.9377,1.5506760030984879,1.5506760030984879,0.0,34.824671130627394,34.824671130627394,0.0
541.0889,,,,,,
643.5668,,,,,,
