depth_m,pressure_dbar,SA_ctd_gkg,CT_ctd_degC,SA_glorys_raw_gkg,CT_glorys_raw_degC,SA_glorys_corrected_gkg,CT_glorys_corrected_degC,N2_s-2,turner_angle_deg,w_surface,w_structure,diffusive_convection
0.494025,0.499022,NaN,NaN,31.169006,2.284680,33.691389,0.356692,NaN,NaN,0.993844,0.000000,0
1.541375,1.556969,33.214471,0.688922,31.182022,2.262149,33.692436,0.371109,NaN,NaN,0.980917,0.000000,0
2.645669,2.672442,33.325621,0.683264,31.295466,2.203256,33.695652,0.379013,0.000000,135.308900,0.967470,0.000000,0
3.819495,3.858157,33.409905,0.674356,31.513938,2.159117,33.701037,0.380403,0.000000,135.612857,0.953378,0.000000,0
5.078224,5.129643,33.446363,0.665465,31.752340,2.115596,33.714395,0.378828,0.000000,139.250270,0.938495,0.000000,0
6.440614,6.505850,33.430259,0.653522,31.967741,2.049097,33.727753,0.386264,0.000098,-49.012550,0.922648,1.000000,1
7.929560,8.009906,33.407061,0.627383,32.131776,1.937784,33.695741,0.362757,0.000009,-81.241449,0.905634,0.087476,1
9.572997,9.670035,33.417268,0.521131,32.242910,1.782046,33.698348,0.270626,0.000000,141.906503,0.887220,0.000000,0
11.405000,11.520660,33.517610,0.436726,32.326471,1.583556,33.700955,0.113579,0.000000,137.182570,0.867133,0.000000,0
13.467140,13.603781,33.615147,0.412263,32.404671,1.332630,33.706164,-0.048488,0.000000,147.509175,0.845067,0.000000,0
15.810070,15.970574,33.614283,0.127319,32.489772,1.013060,33.740502,-0.247996,0.000000,-169.247874,0.820677,0.000000,0
18.495560,18.683451,33.660487,-0.619014,32.579474,0.672251,33.757759,-0.448704,0.000000,160.141754,0.793585,0.000000,0
21.598820,21.818402,33.732456,-0.938025,32.672127,0.332984,33.772447,-0.674239,0.000000,145.607179,0.763391,0.000000,0
25.211410,25.467944,33.761919,-1.023798,32.766196,-0.002163,33.787545,-0.883398,0.000000,141.018867,0.729685,0.000000,0
29.444730,29.744648,33.805915,-1.107535,32.864057,-0.322922,33.794922,-1.026284,0.000000,138.128959,0.692076,0.000000,0
34.434150,34.785315,33.843037,-1.123281,32.966798,-0.612416,33.794852,-1.128751,0.000000,137.036307,0.650231,0.000000,0
40.344050,40.756076,33.875770,-1.163165,33.078009,-0.852320,33.798225,-1.213611,0.000000,138.547890,0.603928,0.000000,0
47.373690,47.858333,33.907420,-1.213356,33.203900,-1.030556,33.803872,-1.272681,0.000000,138.188348,0.553125,0.000000,0
55.764290,56.335929,33.937416,-1.241483,33.358862,-1.099504,33.823347,-1.333233,0.000000,136.120421,0.498051,0.000000,0
65.807270,66.483496,33.979611,-1.245583,33.592001,-0.939107,33.888767,-1.180685,0.000000,133.169269,0.439292,0.000000,0
77.853850,78.656186,34.009650,-1.189379,33.971655,-0.365618,34.036494,-0.764211,0.000000,128.503605,0.377882,0.000000,0
92.326070,93.280860,34.088343,-0.975824,34.372353,0.371116,34.237593,-0.236296,0.000000,125.603430,0.315349,0.000000,0
109.729300,110.868791,34.237739,-0.442099,34.620481,0.850519,34.432997,0.242717,0.000000,123.951752,0.253697,0.000000,0
130.666000,132.029678,34.378249,-0.047780,34.721387,1.006596,34.586128,0.593838,0.000000,124.147441,0.195279,0.000000,0
155.850700,157.486924,34.526320,0.358768,34.756378,0.956990,34.669688,0.698365,0.000000,122.348576,0.142540,0.000000,0
186.125600,188.093605,34.640510,0.712021,34.765957,0.789333,34.705982,0.706509,0.000000,120.402721,0.097630,0.000000,0
222.475200,224.847539,34.694502,0.874237,34.789998,0.641731,34.748273,0.780030,0.000000,119.312171,0.061980,0.000000,0
266.040300,268.905827,34.741997,1.031395,34.820897,0.683649,34.793639,0.863169,0.000000,118.198284,0.035954,0.000000,0
318.127400,321.594880,34.760104,1.085711,34.869342,0.900729,34.823765,0.878568,0.000000,118.508896,0.018749,0.000000,0
380.213000,384.415451,34.779549,1.146474,34.881732,0.745525,34.845096,0.879219,0.000000,117.271562,0.008629,0.000000,0
453.937700,459.037555,34.801941,1.219431,34.866477,0.519122,34.846153,0.773752,0.000000,115.420261,0.003433,0.000000,0
541.088900,547.284063,34.810273,1.251474,34.861943,0.449259,34.830478,0.587308,NaN,NaN,0.001155,0.000000,0
643.566800,651.097607,NaN,NaN,NaN,NaN,NaN,NaN,NaN,NaN,0.000321,0.000000,0
